id;mediation_userid;user_name;password;email;contact_no;active;created_by;created_date;modified_by;modified_date
1;1554f758-3635-48da-b41c-543da61e8c3c;B2C Refined Steel;Small Wooden Table RAM;Emie.Gleichner2@hotmail.com;80179;true;Home;2020-05-10;dedicated Baby;2020-05-10
2;9a8a667e-2189-426b-a1e5-9438e415298b;calculating Texas;SAS Shoes;Roberto_Schimmel@hotmail.com;28968;false;Euro;2020-05-10;bypassing Crossing;2020-05-10
3;2c4044d5-4fd0-426e-af30-3bae7df68f8f;Knoll Director Granite;Concrete integrate withdrawal;Maegan68@hotmail.com;79422;true;markets Solutions Chips;2020-05-11;24/7 e-tailers;2020-05-10
4;84979e17-03ee-4496-8a3b-1768f4dcfd38;Tasty Cotton Keyboard backing up;withdrawal;Felix_Heidenreich18@gmail.com;32920;true;Towels Infrastructure;2020-05-10;Borders array;2020-05-11
5;1c8d07d1-f17b-49fe-980a-3a8b9e17b5ee;open-source Chicken calculate;Re-engineered Optimization;Luis.Kreiger@hotmail.com;41276;true;Avon;2020-05-11;infrastructures Democratic People's Republic of Korea;2020-05-10
6;d36de9a5-9999-46a1-952d-eec9d508dd04;sexy New York Computers;Unbranded integrate collaboration;Craig.Johns@yahoo.com;84171;true;Connecticut calculating;2020-05-11;Ways;2020-05-10
7;cbf6dbe8-dfe4-4889-862e-dd7ca670528e;transmitter e-tailers Michigan;Consultant;Edythe72@gmail.com;97461;false;Tanzania;2020-05-11;Pataca Proactive;2020-05-11
8;d69fee58-2b9e-4ba6-9905-85718729c609;metrics Costa Rican Colon driver;technologies demand-driven;Skylar_Wintheiser28@yahoo.com;59699;true;Beauty Beauty compress;2020-05-11;compress Data;2020-05-11
9;f778d840-0bad-4a3f-9637-daaf032e1a68;Table Vatu;Small Concrete Pants Philippine Peso Awesome Plastic Tuna;Tate90@hotmail.com;15487;false;Swedish Krona;2020-05-10;Keyboard Chicken Directives;2020-05-11
10;48d0fbab-2527-4b90-9629-a83329e6a17f;Stravenue;Architect lavender;Elwyn.Brown21@yahoo.com;60735;true;Extended fault-tolerant;2020-05-10;Switchable;2020-05-10
